{"cameraMode":{"drawMode":0,"name":"Shaded","section":"Shading Mode"},"sceneLighting":true,"audioPlay":false,"sceneViewState":{"m_AlwaysRefresh":false,"showFog":true,"showSkybox":true,"showFlares":true,"showImageEffects":true,"showParticleSystems":true,"showVisualEffectGraphs":true,"m_FxEnabled":true},"in2DMode":false,"pivot":{"x":-19.5775146484375,"y":5.327925205230713,"z":-24.447805404663087},"rotation":{"x":0.5025896430015564,"y":-0.024372389540076257,"z":0.014160810969769955,"w":0.8640909194946289},"size":1.6801296472549439,"orthographic":false}